week_number,region_type,region_name,ratio_congestion,percentage_congestion_change
24,city,São Luís,0.518542396969556,-48.145760303044405
11,city,São Luís,1.2121427488436112,21.214274884361117
21,city,São Luís,0.20094020707309443,-79.90597929269056
12,city,São Luís,0.6277282026093975,-37.22717973906025
13,city,São Luís,0.136875502000211,-86.312449799978893
14,city,São Luís,0.20559602688633896,-79.44039731136611
16,city,São Luís,0.23572199185516976,-76.42780081448302
25,city,São Luís,0.4483305441248036,-55.16694558751964
17,city,São Luís,0.17650601476781713,-82.34939852321828
22,city,São Luís,0.2486788939110592,-75.13211060889408
18,city,São Luís,0.21757447318698905,-78.24255268130109
18,city,Salvador,0.25637158887688277,-74.36284111231173
22,city,Salvador,0.19155055402301902,-80.8449445976981
24,city,Salvador,0.442241191874738,-55.775880812526204
26,city,Salvador,0.32135010243783174,-67.86498975621681
21,city,Salvador,0.284336284866953,-71.56637151330469
25,city,Salvador,0.4194266170447307,-58.057338295526925
14,city,Porto Alegre,0.1811560851914209,-81.88439148085791
22,country,Brasil,0.5218796051668625,-47.812039483313754
18,country,Brasil,0.4441858538541225,-55.58141461458774
15,country,Brasil,0.39018203230155213,-60.981796769844784
11,country,Brasil,1.0151767940872227,1.5176794087222722
14,country,Brasil,0.35334951166137696,-64.6650488338623
22,state,Goias,0.6591176176813213,-34.08823823186788
11,state,Goias,0.9533467503197264,-4.665324968027362
23,state,Goias,0.701321693851279,-29.867830614872105
13,state,Goias,0.4943485370444514,-50.56514629555486
17,state,Goias,0.5683846854693057,-43.161531453069436
15,state,Goias,0.5383445901091638,-46.16554098908362
26,state,Goias,0.6353104433908916,-36.46895566091084
16,state,Goias,0.5661715118513624,-43.38284881486376
20,state,Goias,0.6283765281958014,-37.162347180419864
25,state,Goias,1.0265146256233801,2.651462562338014
12,state,Goias,0.6488112478314939,-35.11887521685061
21,state,Goias,0.6533331452342395,-34.666685476576056
20,state,Piaui,0.35185241580139254,-64.81475841986075
17,state,Piaui,0.3714034184777592,-62.85965815222407
18,state,Piaui,0.3449292313507582,-65.50707686492419
14,state,Piaui,0.2957134177842128,-70.42865822157871
21,city,Curitiba,0.36000675939942717,-63.99932406005728
25,city,Curitiba,0.56320259198948,-43.679740801052006
13,city,Curitiba,0.15511367261155184,-84.48863273884481
12,city,Curitiba,0.490032857130632,-50.99671428693679
17,city,Curitiba,0.23700580201372368,-76.29941979862764
20,city,Curitiba,0.3303227414895896,-66.96772585104104
16,city,Curitiba,0.23227004278173893,-76.7729957218261
24,city,Curitiba,0.86705855316899,-13.294144683100996
24,city,São Paulo,0.6674414869246832,-33.25585130753168
18,city,São Paulo,0.1868245409997888,-81.31754590002112
14,city,São Paulo,0.1353194195645171,-86.4680580435483
12,city,Brasília,0.2306773665329155,-76.93226334670845
22,city,Brasília,0.2207827477396259,-77.92172522603741
20,city,São Paulo,0.1706346316959883,-82.93653683040117
26,city,São Paulo,0.4602533344187546,-53.97466655812454
22,city,São Paulo,0.2916422760282022,-70.83577239717978
21,state,Rio Grande Do Sul,0.7032181156729123,-29.678188432708772
25,state,Rio Grande Do Sul,0.9158939834914325,-8.410601650856753
22,state,Rio Grande Do Sul,0.6680063041225451,-33.19936958774549
18,state,Rio Grande Do Sul,0.5918616513980262,-40.81383486019738
13,state,Rio Grande Do Sul,0.3211794393057798,-67.88205606942202
17,state,Rio Grande Do Sul,0.5322255513291929,-46.77744486708071
20,state,Rio Grande Do Sul,0.6594529933124857,-34.05470066875142
16,state,Rio Grande Do Sul,0.4945037102842843,-50.54962897157157
12,state,Rio Grande Do Sul,0.6890684697197238,-31.093153028027622
24,city,Rio de Janeiro,0.5224762075320898,-47.75237924679102
26,city,Rio de Janeiro,0.41164115221798586,-58.83588477820141
25,city,Rio de Janeiro,0.5561381726967812,-44.38618273032188
23,city,Rio de Janeiro,0.3296275168948966,-67.03724831051035
13,state,Minas Gerais,0.4155439123968444,-58.44560876031556
17,state,Minas Gerais,0.4764351495386914,-52.356485046130864
25,state,Minas Gerais,1.103834444806784,10.383444480678406
20,state,Minas Gerais,0.617336053688908,-38.2663946311092
24,state,Minas Gerais,1.229269068277797,22.926906827779693
12,state,Minas Gerais,0.7456274485338985,-25.43725514661015
21,state,Minas Gerais,0.6327205431354335,-36.72794568645665
16,state,Minas Gerais,0.51760962774538,-48.239037225462
14,city,São José dos Campos,0.21291896368599356,-78.70810363140063
19,city,São José dos Campos,0.35200361781882883,-64.79963821811711
16,city,São José dos Campos,0.23642827365688904,-76.3571726343111
24,city,São José dos Campos,0.6616229713500796,-33.83770286499204
20,city,São José dos Campos,0.32009299045459666,-67.99070095454034
18,city,São José dos Campos,0.26805479684473416,-73.19452031552657
13,state,Pernambuco,0.28134717873988596,-71.8652821260114
17,state,Pernambuco,0.37040710721300596,-62.9592892786994
21,state,Pernambuco,0.40806601687011346,-59.193398312988656
26,state,Pernambuco,0.6560009701766902,-34.39990298233098
22,state,Pernambuco,0.42261593513582635,-57.73840648641737
16,state,Pernambuco,0.3281439074763303,-67.18560925236696
24,state,Pernambuco,1.1077606713727086,10.77606713727086
12,state,Pernambuco,0.6031417014171953,-39.68582985828048
20,state,Pernambuco,0.4094564253980122,-59.05435746019878
25,state,Pernambuco,1.1625578427889676,16.255784278896755
23,state,Pernambuco,0.5263022681060774,-47.36977318939226
19,state,Pernambuco,0.4244494353304163,-57.555056466958376
18,state,Pernambuco,0.4039840979428274,-59.60159020571726
14,state,Pernambuco,0.31146422873073554,-68.85357712692645
15,state,Pernambuco,0.32064987973919407,-67.93501202608059
11,state,Pernambuco,1.1173322400087948,11.733224000879483
14,state,Bahia,0.3420640197484491,-65.79359802515509
21,state,Bahia,0.6626512088695143,-33.734879113048564
16,state,Bahia,0.4113882277925324,-58.861177220746754
24,state,Bahia,1.754284780820519,75.42847808205191
20,state,Bahia,0.6070709058388507,-39.29290941611493
12,state,Bahia,0.6717572173692391,-32.82427826307609
25,state,Bahia,1.7237330692173383,72.37330692173383
23,state,Rio De Janeiro,0.3632993429624588,-63.67006570375412
15,state,Rio De Janeiro,0.21529712587926828,-78.47028741207318
11,state,Rio De Janeiro,0.9682099450681273,-3.17900549318727
26,state,Rio De Janeiro,0.44768975678142575,-55.231024321857426
22,state,Rio De Janeiro,0.29414011749462815,-70.58598825053718
21,city,Natal,0.3934904335225622,-60.65095664774378
16,city,Natal,0.2942027211725412,-70.57972788274589
20,city,Natal,0.3869001581678255,-61.309984183217445
24,city,Natal,0.45138204271734456,-54.86179572826555
13,state,Amazonas,0.15910913056229953,-84.08908694377004
17,state,Amazonas,0.1676243468068971,-83.23756531931029
21,state,Amazonas,0.2635375214601962,-73.64624785398037
16,state,Amazonas,0.1460165971423648,-85.39834028576352
20,state,Amazonas,0.22872907725378402,-77.1270922746216
14,state,Amazonas,0.18562579976110766,-81.43742002388923
22,state,Amazonas,0.3241979689699571,-67.5802031030043
24,state,Amazonas,0.7562537890798315,-24.374621092016845
17,city,Campinas,0.24816790127452845,-75.18320987254715
21,city,Campinas,0.2839587786898,-71.60412213101999
23,city,Campinas,0.38435759735535857,-61.564240264464146
14,city,Campinas,0.2302052633760441,-76.97947366239559
24,state,Para,1.7375609536578125,73.75609536578125
20,state,Para,0.2984169110815226,-70.15830889184774
26,state,Para,0.5012744377341856,-49.872556226581445
13,state,Para,0.2584204245466765,-74.15795754533234
12,state,Para,0.6249953946073995,-37.50046053926005
15,state,Para,0.36466551052747426,-63.533448947252566
19,state,Para,0.38564716451777536,-61.435283548222465
11,state,Para,1.0551596360438504,5.5159636043850435
13,city,Brasília,0.10132637313228261,-89.86736268677174
17,city,Brasília,0.16046082497326603,-83.9539175026734
20,state,Mato Grosso,0.7722944914238109,-22.77055085761891
16,state,Mato Grosso,0.5778855544327514,-42.211444556724864
13,state,Mato Grosso,0.4128833205900117,-58.71166794099882
23,state,Mato Grosso,0.7990884535409127,-20.091154645908727
19,city,Sorocaba,0.6485418836423567,-35.14581163576433
15,city,Sorocaba,0.45413847472232505,-54.586152527767496
23,city,Sorocaba,0.7461712125024301,-25.382878749756987
25,city,Sorocaba,0.7816564907266902,-21.83435092733098
11,city,Sorocaba,1.071023952754313,7.102395275431306
20,city,Sorocaba,0.44585262778485,-55.414737221515
18,city,Sorocaba,0.49149296411461835,-50.85070358853816
17,city,Sorocaba,0.43382625897537425,-56.61737410246257
13,city,Sorocaba,0.25629670687221234,-74.37032931277876
26,city,Sorocaba,0.5760708399312668,-42.392916006873314
14,city,Sorocaba,0.33989750406033226,-66.01024959396678
16,city,Sorocaba,0.4055731443705597,-59.44268556294403
24,city,Sorocaba,0.9156514275539237,-8.43485724460763
21,city,Sorocaba,0.4930322076756537,-50.69677923243463
22,city,Sorocaba,0.5183735496604369,-48.16264503395631
12,city,Sorocaba,0.618342158761006,-38.16578412389941
14,state,Rio Grande Do Sul,0.37368673191913526,-62.63132680808647
14,state,Parana,0.4417938916297974,-55.820610837020254
22,state,Parana,0.7474295304439957,-25.257046955600426
24,state,Parana,1.8392966912689075,83.92966912689074
16,state,Parana,0.5288386102262217,-47.11613897737783
25,state,Parana,1.1853122958892137,18.53122958892137
18,state,Parana,0.6071149346718853,-39.288506532811475
12,state,Parana,0.7700877020846886,-22.991229791531143
20,state,Parana,0.7222829374713934,-27.77170625286066
26,state,Parana,0.7869271044976487,-21.307289550235133
21,state,Parana,0.7810548008778243,-21.894519912217568
13,state,Parana,0.3946151126104234,-60.53848873895766
11,state,Parana,1.0327832172388078,3.278321723880784
19,state,Parana,0.7306870772431412,-26.93129227568588
15,state,Parana,0.46169629092247966,-53.830370907752034
23,state,Parana,0.8140308510929094,-18.59691489070906
17,state,Parana,0.5506570233148828,-44.934297668511725
18,city,Rio de Janeiro,0.15519608157739245,-84.48039184226074
11,city,Rio de Janeiro,0.9774419294881088,-2.255807051189118
14,city,Rio de Janeiro,0.1243885897801305,-87.56114102198696
26,city,São José dos Campos,0.3779456153226881,-62.20543846773119
23,city,São José dos Campos,0.4113353324738657,-58.86646675261342
11,city,São José dos Campos,0.9389926662476441,-6.10073337523559
15,city,São José dos Campos,0.2649565146231603,-73.50434853768397
21,city,São José dos Campos,0.34148096639121717,-65.85190336087828
13,city,São José dos Campos,0.20150856704125916,-79.84914329587409
17,city,São José dos Campos,0.23239340309331222,-76.76065969066877
25,city,São José dos Campos,0.49012876161684454,-50.98712383831554
12,city,São José dos Campos,0.42338728784838753,-57.66127121516125
22,city,São José dos Campos,0.36142078651998305,-63.8579213480017
21,state,Rio Grande Do Norte,0.5853467701502553,-41.46532298497447
25,state,Rio Grande Do Norte,0.9439685972453528,-5.603140275464725
18,state,Rio Grande Do Norte,0.5090560537301072,-49.09439462698928
14,state,Rio Grande Do Norte,0.36002066937843474,-63.997933062156534
17,state,Rio Grande Do Norte,0.42594454519347946,-57.40554548065205
22,state,Rio Grande Do Norte,0.4603904874124687,-53.960951258753134
13,state,Rio Grande Do Norte,0.33143746175217453,-66.85625382478256
16,state,Rio Grande Do Norte,0.41147015682622345,-58.852984317377654
20,state,Rio Grande Do Norte,0.5856526609977376,-41.43473390022624
24,state,Rio Grande Do Norte,0.8466391039882928,-15.336089601170722
23,state,Rio Grande Do Norte,0.45470605355210014,-54.52939464478999
12,state,Rio Grande Do Norte,0.6641997735529316,-33.580022644706844
15,state,Rio Grande Do Norte,0.3964595694403115,-60.35404305596885
11,state,Rio Grande Do Norte,1.0596314283827777,5.9631428382777685
26,state,Rio Grande Do Norte,0.3901516213199767,-60.98483786800233
19,state,Rio Grande Do Norte,0.6118600180940865,-38.81399819059135
18,city,Vitória,0.21467628261832933,-78.53237173816707
16,city,Vitória,0.20614172988768872,-79.38582701123113
24,city,Vitória,0.4489803696251093,-55.101963037489064
20,city,Vitória,0.25245180668931244,-74.75481933106876
12,city,Vitória,0.4355479346866853,-56.44520653133147
14,city,Vitória,0.16933573106985747,-83.06642689301425
26,city,Vitória,0.3237977492105214,-67.62022507894785
13,city,Vitória,0.15089844955435228,-84.91015504456477
11,city,Belo Horizonte,0.9307180913579403,-6.928190864205974
21,city,Belo Horizonte,0.2840376977733465,-71.59623022266534
25,city,Belo Horizonte,0.6335090201579076,-36.64909798420924
22,city,Belo Horizonte,0.3320195090252748,-66.79804909747253
14,city,Belo Horizonte,0.17729803448540704,-82.27019655145929
23,city,Belo Horizonte,0.3818255031488149,-61.81744968511851
15,city,Belo Horizonte,0.22478854025716508,-77.52114597428348
18,city,Belo Horizonte,0.22177420768783176,-77.82257923121682
18,city,Natal,0.3463843570817407,-65.36156429182594
11,city,Natal,1.0789948785266399,7.899487852663989
15,city,Natal,0.2681977013458994,-73.18022986541007
14,city,Natal,0.24807837224743107,-75.19216277525689
12,state,Sao Paulo,0.5880823029135476,-41.19176970864524
16,state,Sao Paulo,0.3770593512770892,-62.294064872291074
26,state,Sao Paulo,0.5613787492696992,-43.86212507303008
17,state,Sao Paulo,0.3866296186418978,-61.33703813581022
13,state,Sao Paulo,0.34144389212546794,-65.85561078745322
23,city,Recife,0.40034503727326703,-59.96549627267329
16,city,Recife,0.1995125328469348,-80.04874671530652
14,city,Recife,0.17944448173035665,-82.05555182696433
20,city,Recife,0.23182401825538376,-76.81759817446162
21,city,Recife,0.21639406851392284,-78.36059314860772
26,city,Recife,0.5600593605970395,-43.994063940296044
18,city,Campinas,0.26126333490458314,-73.87366650954168
25,city,Campinas,0.482544718694906,-51.7455281305094
16,city,Campinas,0.2354635711047587,-76.45364288952413
20,city,Campinas,0.2795991472134674,-72.04008527865327
24,city,Campinas,0.6961045502353447,-30.389544976465533
13,city,Campinas,0.21923884650948114,-78.07611534905189
21,state,Rondonia,0.48919852518522744,-51.080147481477255
11,state,Espirito Santo,0.9632637960113624,-3.673620398863764
15,state,Espirito Santo,0.3300250222050215,-66.99749777949785
12,state,Espirito Santo,0.5674760211079235,-43.25239788920765
23,state,Espirito Santo,0.48428691373660687,-51.57130862633932
19,state,Espirito Santo,0.4319529568118821,-56.804704318811794
25,state,Espirito Santo,0.8865720177540544,-11.342798224594564
26,state,Espirito Santo,0.5449661854685086,-45.50338145314914
13,state,Espirito Santo,0.22662594477783357,-77.33740552221664
17,state,Espirito Santo,0.3338333590788718,-66.61666409211281
24,state,Espirito Santo,0.8060114783751305,-19.398852162486946
18,state,Espirito Santo,0.37700147840472803,-62.299852159527205
22,state,Espirito Santo,0.44730601257008734,-55.26939874299126
14,state,Espirito Santo,0.290117022327358,-70.98829776726421
16,state,Espirito Santo,0.3369536099792392,-66.30463900207609
20,state,Espirito Santo,0.40915689041100345,-59.08431095889966
21,state,Espirito Santo,0.40787230098624633,-59.21276990137536
21,state,Alagoas,0.46700868213781943,-53.299131786218055
12,state,Alagoas,0.7960162795074309,-20.398372049256906
23,state,Alagoas,0.5780218873141408,-42.197811268585916
14,state,Alagoas,0.38650982529687355,-61.34901747031265
22,state,Alagoas,0.5099895540564408,-49.001044594355925
26,state,Alagoas,0.5824658840962553,-41.75341159037447
16,state,Alagoas,0.42658509034820313,-57.34149096517969
24,state,Alagoas,0.9700795034149777,-2.992049658502227
18,state,Alagoas,0.5175531016476963,-48.24468983523037
20,state,Alagoas,0.5119144113817583,-48.80855886182417
25,state,Alagoas,0.8254613681961437,-17.453863180385632
13,state,Alagoas,0.31758213604890567,-68.24178639510943
17,state,Alagoas,0.45997336059555366,-54.00266394044464
19,state,Alagoas,0.6084670481733163,-39.153295182668366
15,state,Alagoas,0.4195334291638747,-58.04665708361253
11,state,Alagoas,1.099386592621721,9.9386592621721
19,city,Porto Alegre,0.4042617958332225,-59.57382041667775
23,city,Porto Alegre,0.5028741044531151,-49.71258955468849
17,city,Porto Alegre,0.23077763211735366,-76.92223678826463
22,city,Porto Alegre,0.41617053603397375,-58.38294639660262
18,city,Porto Alegre,0.2766887847615573,-72.33112152384426
20,city,Santos,0.3611430065440618,-63.88569934559383
22,city,Santos,0.34783374909089104,-65.2166250909109
24,city,Santos,0.8823633929050868,-11.763660709491319
25,city,Santos,0.6463128200689927,-35.36871799310073
12,city,Santos,0.5201538749533775,-47.98461250466225
21,city,Santos,0.36424986685376454,-63.57501331462354
20,country,Brasil,0.49139527444334097,-50.8604725556659
24,country,Brasil,1.1678116997173627,16.781169971736265
21,city,Rio de Janeiro,0.1946208530390542,-80.53791469609457
20,city,Rio de Janeiro,0.16904201880452077,-83.09579811954792
12,city,Rio de Janeiro,0.30970170961146104,-69.02982903885389
15,city,Rio de Janeiro,0.1718275926290797,-82.81724073709202
17,city,Vitória,0.201548609574675,-79.8451390425325
18,state,Goias,0.6037908692125734,-39.62091307874266
14,state,Goias,0.45667746446947344,-54.33225355305266
24,state,Goias,1.672107713822668,67.21077138226681
19,state,Goias,0.6458083709826429,-35.41916290173571
12,state,Piaui,0.6831254059486358,-31.68745940513642
11,state,Piaui,1.054534316598854,5.4534316598854105
15,state,Piaui,0.2868704727324494,-71.31295272675506
26,state,Piaui,0.35881951938527956,-64.11804806147204
22,state,Piaui,0.36527577794478927,-63.47242220552107
25,state,Piaui,1.4857939667883404,48.579396678834044
19,state,Piaui,0.3778667931411196,-62.21332068588804
16,state,Piaui,0.2997262434848648,-70.02737565151351
24,state,Piaui,1.7666753075630262,76.66753075630261
21,state,Piaui,0.36316045221270776,-63.68395477872922
13,state,Piaui,0.24346939184006589,-75.65306081599341
23,state,Piaui,0.37545733511654383,-62.454266488345624
11,city,São Paulo,0.9542363109859748,-4.576368901402517
15,city,São Paulo,0.18995385043037058,-81.00461495696294
25,city,São Paulo,0.5452044362025937,-45.47955637974063
24,city,Brasília,0.37914037705192405,-62.085962294807594
16,city,Brasília,0.15094840316824915,-84.90515968317509
19,city,Brasília,0.2240510449749818,-77.59489550250183
11,city,Brasília,0.6408116426763227,-35.918835732367725
15,city,Brasília,0.14505456152548124,-85.49454384745188
20,city,Brasília,0.1940348828635348,-80.59651171364652
22,state,Roraima,0.5393405183659976,-46.065948163400236
13,city,Porto Alegre,0.16017889968265706,-83.9821100317343
11,city,Porto Alegre,1.045694982680695,4.569498268069494
25,city,Porto Alegre,0.5796336947440544,-42.03663052559457
21,city,Porto Alegre,0.38333207989217183,-61.66679201078282
15,city,Porto Alegre,0.23638942854950426,-76.36105714504957
12,state,Tocantins,1.2191849170643796,21.91849170643796
18,state,Tocantins,0.9392943029936014,-6.070569700639861
16,state,Tocantins,0.7889701247618999,-21.102987523810015
20,state,Tocantins,0.9707978927823556,-2.920210721764438
24,state,Tocantins,5.012514129516259,401.2514129516259
26,state,Tocantins,0.8374090725141695,-16.259092748583047
22,state,Tocantins,0.8121540406595255,-18.784595934047456
13,state,Tocantins,0.950257324602936,-4.974267539706401
17,state,Tocantins,0.8833619805560388,-11.663801944396123
19,state,Tocantins,0.8940729363263767,-10.592706367362325
15,state,Tocantins,0.6943559542673141,-30.56440457326859
25,state,Tocantins,2.5472268390570765,154.72268390570764
21,state,Tocantins,0.7942032772471299,-20.57967227528701
20,city,Florianópolis,0.14146005671656672,-85.85399432834333
24,city,Florianópolis,0.3347089033135447,-66.52910966864553
12,city,Florianópolis,0.1862614955227743,-81.37385044772257
23,city,Florianópolis,0.2194428154627979,-78.05571845372022
18,city,Florianópolis,0.13954437430021469,-86.04556256997853
22,city,Florianópolis,0.17088887507288408,-82.9111124927116
14,city,Florianópolis,0.07192608362753022,-92.80739163724698
13,city,Florianópolis,0.05161470821998142,-94.83852917800186
21,city,Florianópolis,0.14695656752189604,-85.3043432478104
11,city,Florianópolis,1.0319737824505746,3.1973782450574584
15,city,Florianópolis,0.14007938975080222,-85.99206102491978
19,city,Florianópolis,0.17843280576732318,-82.15671942326767
17,city,Florianópolis,0.11368047725708243,-88.63195227429176
26,city,Florianópolis,0.19431999771475814,-80.56800022852418
16,city,Florianópolis,0.09324683020708885,-90.67531697929113
25,city,Florianópolis,0.24495093171215587,-75.50490682878441
22,city,Rio de Janeiro,0.2535306223348172,-74.64693776651828
13,city,Rio de Janeiro,0.09981432578823944,-90.01856742117606
17,city,Rio de Janeiro,0.13850841860429333,-86.14915813957067
16,city,Rio de Janeiro,0.1447927783543799,-85.52072216456202
25,city,João Pessoa,0.42515399616004274,-57.48460038399572
23,city,João Pessoa,0.2105110012361136,-78.94889987638865
21,city,João Pessoa,0.21329026283836156,-78.67097371616384
22,city,João Pessoa,0.22957887953029113,-77.04211204697089
18,city,João Pessoa,0.20236453328848428,-79.76354667115157
17,city,João Pessoa,0.17423104467934963,-82.57689553206504
14,city,João Pessoa,0.17513177081162415,-82.48682291883759
13,city,João Pessoa,0.13147686731415323,-86.85231326858468
26,city,João Pessoa,0.25190296016732644,-74.80970398326735
20,city,João Pessoa,0.19742924727600697,-80.2570752723993
16,city,João Pessoa,0.1484806698824681,-85.15193301175319
12,city,João Pessoa,0.3886112571528856,-61.13887428471144
24,city,João Pessoa,0.39183489323260595,-60.81651067673941
11,city,João Pessoa,0.9755828281300757,-2.4417171869924315
15,city,João Pessoa,0.1625979197179873,-83.74020802820127
19,city,João Pessoa,0.23654358164927905,-76.3456418350721
25,country,Brasil,0.9275289110315743,-7.247108896842569
17,country,Brasil,0.4082746792059417,-59.172532079405826
12,country,Brasil,0.6134956061304078,-38.65043938695922
21,country,Brasil,0.5115249319055489,-48.84750680944511
15,city,Fortaleza,0.25699082269345963,-74.30091773065404
11,city,Fortaleza,1.1730493204021293,17.30493204021293
19,city,Fortaleza,0.26363654295497135,-73.63634570450286
25,city,Fortaleza,0.4402840411931837,-55.97159588068163
16,city,Goiânia,0.23150016781126412,-76.84998321887359
17,city,Goiânia,0.2557298007983207,-74.42701992016794
11,city,Goiânia,0.9125055746839807,-8.749442531601925
19,city,Goiânia,0.36312833923237614,-63.687166076762395
12,city,Goiânia,0.35866021948212395,-64.1339780517876
21,city,Goiânia,0.3301684574999446,-66.98315425000554
15,city,Goiânia,0.2376001982355306,-76.23998017644695
12,city,Natal,0.5834709159696951,-41.65290840303049
25,city,Natal,0.558023003136389,-44.197699686361105
17,city,Natal,0.2901248484461259,-70.98751515538741
13,city,Natal,0.19760702880833952,-80.23929711916604
26,city,Curitiba,0.39061538705072574,-60.93846129492743
15,city,Curitiba,0.2390661700910091,-76.0933829908991
11,city,Curitiba,0.9404387534835937,-5.956124651640627
22,city,Curitiba,0.4024959313770374,-59.750406862296266
23,city,Curitiba,0.4617174817116266,-53.828251828837345
19,city,Curitiba,0.4057166434344448,-59.42833565655552
14,city,Curitiba,0.1763737026747925,-82.36262973252076
18,city,Curitiba,0.2566279742101219,-74.33720257898781
21,city,São Paulo,0.20918580227325528,-79.08141977267447
19,city,São Paulo,0.2605674947254757,-73.94325052745243
12,city,São Paulo,0.42337165209491906,-57.662834790508086
26,city,Manaus,0.566896292836185,-43.3103707163815
11,city,Manaus,0.9186082579639957,-8.13917420360043
19,city,Manaus,0.27713234611364945,-72.28676538863506
15,city,Manaus,0.1507759026065171,-84.9224097393483
13,state,Maranhao,0.30759695615161126,-69.24030438483888
15,state,Maranhao,0.4012808259528068,-59.87191740471932
11,state,Maranhao,1.16810132082233,16.81013208223301
17,state,Maranhao,0.41388371348900627,-58.611628651099366
23,state,Maranhao,0.5457281054469284,-45.42718945530716
21,state,Maranhao,0.45764354010212877,-54.235645989787116
19,state,Maranhao,0.4664102911806656,-53.358970881933445
14,state,Maranhao,0.3761869972394528,-62.381300276054716
25,state,Maranhao,1.5408079285353762,54.080792853537616
19,country,Brasil,0.5200093433005887,-47.99906566994113
26,country,Brasil,0.5864079121957451,-41.35920878042549
13,country,Brasil,0.32078000875834306,-67.9219991241657
16,country,Brasil,0.40233617200042127,-59.766382799957874
23,country,Brasil,0.593676395136902,-40.63236048630981
13,city,São Paulo,0.12006689879701135,-87.99331012029886
17,city,São Paulo,0.1692783630858455,-83.07216369141544
16,city,São Paulo,0.156726171355924,-84.3273828644076
25,state,Roraima,0.9933394628904388,-0.666053710956116
15,state,Roraima,0.4093465449605643,-59.065345503943576
23,state,Roraima,0.5299186574035433,-47.00813425964567
11,state,Roraima,0.986256866998907,-1.3743133001092978
21,state,Roraima,0.48718990476403284,-51.28100952359671
19,state,Roraima,0.7294431019151689,-27.05568980848311
12,state,Roraima,0.6165327167848874,-38.34672832151126
24,state,Roraima,1.5966362795735247,59.663627957352475
13,state,Roraima,0.3345916670007473,-66.54083329992527
26,state,Roraima,0.4993815018378813,-50.06184981621187
17,state,Roraima,0.4787461002938376,-52.12538997061624
18,state,Roraima,0.4814050311877912,-51.85949688122088
14,state,Roraima,0.4324661915931306,-56.75338084068694
20,state,Roraima,0.5287753788966666,-47.12246211033334
16,state,Roraima,0.3995881936580772,-60.04118063419228
26,state,Amapa,0.3996961594823283,-60.03038405176717
11,state,Amapa,1.0880851436588965,8.808514365889653
15,state,Amapa,0.24785104598973284,-75.21489540102671
18,state,Amapa,0.26800366077371096,-73.1996339226289
23,state,Amapa,0.27095624655272516,-72.90437534472748
19,state,Amapa,0.27736302750910197,-72.2636972490898
14,state,Amapa,0.20456490881831316,-79.54350911816869
22,state,Amapa,0.20694429787386356,-79.30557021261365
21,state,Amapa,0.1905774143981751,-80.9422585601825
17,state,Amapa,0.26037406014061143,-73.96259398593885
13,state,Amapa,0.16494566514907705,-83.5054334850923
24,state,Amapa,1.1135212730702786,11.35212730702786
16,state,Amapa,0.24598564823568198,-75.4014351764318
12,state,Amapa,0.4432668669451361,-55.673313305486396
25,state,Amapa,0.6531102380050847,-34.68897619949153
20,state,Amapa,0.19693360033650312,-80.30663996634969
17,state,Mato Grosso,0.55568977009268,-44.431022990732004
22,state,Mato Grosso,0.7718782994317909,-22.812170056820914
18,state,Mato Grosso,0.6389512720510413,-36.10487279489587
26,state,Mato Grosso,0.8955790364679765,-10.442096353202345
11,state,Mato Grosso,1.0761552479559737,7.615524795597373
19,state,Mato Grosso,0.8206780975922945,-17.932190240770552
12,state,Mato Grosso,0.714025045479418,-28.597495452058197
21,state,Mato Grosso,0.7732028176467401,-22.679718235325986
15,state,Mato Grosso,0.5347988802077996,-46.52011197922003
14,state,Mato Grosso,0.44608031870811315,-55.39196812918868
25,state,Mato Grosso,2.042674104642073,104.26741046420732
24,state,Mato Grosso,4.021439214241841,302.1439214241841
26,city,Porto Alegre,0.4104520164519294,-58.95479835480706
12,city,Porto Alegre,0.47920706478348113,-52.079293521651884
20,city,Porto Alegre,0.35490593813442434,-64.50940618655756
16,city,Porto Alegre,0.21868159139891455,-78.13184086010855
24,city,Porto Alegre,0.8448857599551229,-15.511424004487706
26,city,Belém,0.5206320416967908,-47.936795830320925
14,city,Belém,0.22127458686315643,-77.87254131368435
22,city,Belém,0.2767933881153275,-72.32066118846726
20,city,Belém,0.15107502147498053,-84.89249785250195
24,city,Belém,0.6697047065148978,-33.02952934851022
18,city,Belém,0.19134277294863297,-80.8657227051367
25,city,Belém,0.5475211010117818,-45.247889898821825
13,city,Belém,0.17689862883681168,-82.31013711631883
17,city,Belém,0.18916914805806814,-81.08308519419319
19,city,Belém,0.2281196905339725,-77.18803094660275
11,city,Belém,1.0526359247588462,5.263592475884615
15,city,Belém,0.2714664699466042,-72.85335300533957
21,city,Belém,0.19129650789473007,-80.870349210527
12,city,Belém,0.5219144931921144,-47.808550680788564
23,city,Belém,0.4256375031401578,-57.43624968598422
16,city,Belém,0.2315918433322231,-76.8408156667777
24,state,Acre,0.762321467358616,-23.767853264138406
20,state,Acre,0.29445319842334866,-70.55468015766513
13,state,Acre,0.19848710841412048,-80.15128915858796
19,state,Acre,0.3391329777805738,-66.08670222194262
15,state,Acre,0.29548670162685153,-70.45132983731484
21,state,Acre,0.23815936624498796,-76.18406337550121
17,state,Acre,0.26853851153265285,-73.14614884673472
14,state,Acre,0.28052492135233603,-71.94750786476641
18,state,Acre,0.29907620609024727,-70.09237939097528
11,state,Acre,1.0246200237101295,2.46200237101295
12,state,Acre,0.5591843171393461,-44.081568286065384
16,state,Acre,0.30704184042972377,-69.29581595702763
23,state,Acre,0.2473795376227216,-75.26204623772784
22,state,Acre,0.24566771558556327,-75.43322844144367
25,state,Acre,0.464445645017111,-53.555435498288894
26,state,Acre,0.2621184137761888,-73.78815862238113
26,city,São Luís,0.42307882825035037,-57.69211717496496
23,city,São Luís,0.3412150893611025,-65.87849106388974
15,city,Santos,0.32868375088744517,-67.13162491125549
11,city,Santos,0.9345270586616081,-6.547294133839188
13,city,Santos,0.2546426603040248,-74.53573396959752
23,city,Santos,0.40934281396650984,-59.06571860334901
14,city,Santos,0.2925679727440075,-70.74320272559925
18,city,Santos,0.32906909452982075,-67.09309054701794
19,city,Santos,0.38489038862384933,-61.51096113761507
26,city,Santos,0.45867657155976105,-54.132342844023896
17,city,Santos,0.2976248647734962,-70.23751352265037
16,city,Santos,0.2830911586802553,-71.69088413197446
19,city,Rio de Janeiro,0.22556376451113763,-77.44362354888624
11,state,Minas Gerais,0.9520758977564516,-4.792410224354837
19,state,Minas Gerais,0.6120172965434355,-38.79827034565645
18,state,Minas Gerais,0.5128660998173911,-48.713390018260895
22,state,Minas Gerais,0.6427349639011076,-35.726503609889235
26,state,Minas Gerais,0.638128247699189,-36.1871752300811
23,state,Minas Gerais,0.6598191354653762,-34.01808645346238
15,state,Minas Gerais,0.47460610216331417,-52.53938978366859
14,state,Minas Gerais,0.4495579697246066,-55.04420302753934
17,state,Sergipe,0.4742671793690971,-52.57328206309029
13,state,Sergipe,0.34160564639397106,-65.83943536060289
21,state,Sergipe,0.5344737279365189,-46.552627206348106
23,state,Sergipe,0.5822818680133841,-41.77181319866159
12,state,Sergipe,0.6424642378085871,-35.753576219141294
19,state,Sergipe,0.5786866813884062,-42.13133186115938
16,state,Sergipe,0.433717269744287,-56.628273025571296
24,state,Sergipe,0.9101025015269376,-8.98974984730624
18,state,Sergipe,0.4853406353225434,-51.465936467745664
14,state,Sergipe,0.3504452569100983,-64.95547430899016
11,state,Sergipe,1.1063653911320055,10.636539113200548
15,state,Sergipe,0.40795526991402037,-59.20447300859797
26,state,Sergipe,0.5919834999560003,-40.80165000439997
20,state,Sergipe,0.5133559200016805,-48.66440799983195
22,state,Sergipe,0.5846627340415785,-41.53372659584215
25,state,Sergipe,0.9129281244225159,-8.707187557748409
12,city,Fortaleza,0.4739396511964803,-52.60603488035197
16,city,Fortaleza,0.25208489953154667,-74.79151004684533
17,city,Fortaleza,0.29210631303721946,-70.78936869627806
20,city,Fortaleza,0.2242617129846483,-77.57382870153518
24,city,Fortaleza,0.4983843773532271,-50.16156226467729
23,city,Fortaleza,0.30766671085517944,-69.23332891448206
14,city,Fortaleza,0.23474546194766538,-76.52545380523345
13,city,Fortaleza,0.17080720550581222,-82.91927944941878
21,city,Fortaleza,0.2458575538013293,-75.41424461986708
26,city,Fortaleza,0.3372680102269215,-66.27319897730786
22,city,Fortaleza,0.23001692160106735,-76.99830783989327
18,city,Fortaleza,0.2836771581422994,-71.63228418577006
12,city,Belo Horizonte,0.45646943841740006,-54.353056158259996
26,city,Belo Horizonte,0.4181708719462404,-58.18291280537595
16,city,Belo Horizonte,0.20967275324330553,-79.03272467566944
24,city,Belo Horizonte,0.6642052222146854,-33.57947777853146
20,city,Belo Horizonte,0.2863759730329953,-71.36240269670047
19,city,Belo Horizonte,0.311577278379602,-68.84227216203979
17,city,Belo Horizonte,0.19799028640663113,-80.20097135933688
13,city,Belo Horizonte,0.1439022263933443,-85.60977736066557
25,state,Ceara,0.8412281352751679,-15.877186472483206
21,state,Ceara,0.42287547658846436,-57.712452341153565
17,state,Ceara,0.4149504831282002,-58.504951687179975
12,state,Ceara,0.5728998509896682,-42.710014901033176
16,state,Ceara,0.35431599185624707,-64.5684008143753
23,state,Ceara,0.46723135042012054,-53.27686495798795
11,state,Ceara,1.1504197725812035,15.041977258120355
15,state,Ceara,0.3773663001484884,-62.263369985151165
24,state,Ceara,0.8633228849640456,-13.667711503595436
20,state,Ceara,0.3642959485806394,-63.57040514193606
26,state,Ceara,0.4283345443902716,-57.16654556097285
13,state,Ceara,0.26001499393622085,-73.99850060637792
18,state,Ceara,0.4259638857180637,-57.403611428193635
22,state,Ceara,0.40771940210325963,-59.228059789674035
14,state,Ceara,0.34588361541021184,-65.41163845897881
19,state,Ceara,0.41374433689182555,-58.62556631081745
22,city,Goiânia,0.3533790042818326,-64.66209957181674
18,city,Goiânia,0.28937340261136674,-71.06265973886332
14,city,Goiânia,0.1785534926423836,-82.14465073576164
26,city,Goiânia,0.36731857658613104,-63.26814234138689
13,city,Goiânia,0.17797617021865778,-82.20238297813422
25,city,Goiânia,0.47988678476704677,-52.01132152329533
20,city,Goiânia,0.32208354717973775,-67.79164528202622
24,city,Goiânia,0.6291167025100902,-37.08832974899098
23,city,Goiânia,0.4125331627315427,-58.74668372684573
18,state,Bahia,0.5369580978029974,-46.30419021970026
22,state,Bahia,0.5104833816047899,-48.95166183952101
11,state,Bahia,1.04340726722339,4.340726722339006
19,state,Bahia,0.6679430898299313,-33.20569101700686
15,state,Bahia,0.4077639694966417,-59.223603050335825
13,state,Bahia,0.32419859478517427,-67.58014052148258
23,state,Bahia,0.7145220332648607,-28.547796673513925
17,state,Bahia,0.459605371640103,-54.0394628359897
26,state,Bahia,0.7012971005782214,-29.870289942177862
12,city,Maceió,0.5719335108428949,-42.80664891571051
21,city,Maceió,0.24367297824531914,-75.6327021754681
13,city,Maceió,0.13510544366482613,-86.48945563351738
25,city,Maceió,0.5921734855521837,-40.78265144478163
16,city,Maceió,0.24168985045642308,-75.83101495435768
24,city,Maceió,0.6895564442515492,-31.044355574845085
20,city,Maceió,0.2664177590699999,-73.35822409300002
23,city,Maceió,0.40120071554953907,-59.87992844504609
15,city,Maceió,0.23578526548166212,-76.42147345183379
19,city,Maceió,0.403859703913439,-59.6140296086561
17,city,Maceió,0.25134942477793126,-74.86505752220687
14,city,Maceió,0.19214799582213374,-80.78520041778663
22,city,Maceió,0.27021237997150205,-72.97876200284979
18,city,Maceió,0.2981721069634804,-70.18278930365196
11,city,Maceió,1.0856341259261555,8.563412592615549
26,city,Maceió,0.4046064075670053,-59.53935924329947
20,state,Distrito Federal,0.31306485508570364,-68.69351449142964
16,state,Distrito Federal,0.25197347799831266,-74.80265220016872
14,state,Distrito Federal,0.17583677454504348,-82.41632254549565
22,state,Distrito Federal,0.33285507261544306,-66.71449273845569
18,state,Distrito Federal,0.2592593212404466,-74.07406787595534
26,state,Distrito Federal,0.323084235206095,-67.6915764793905
24,state,Distrito Federal,0.5545548628103265,-44.54451371896735
21,state,Distrito Federal,0.31522074579981174,-68.47792542001882
13,state,Distrito Federal,0.20561972953554208,-79.4380270464458
12,state,Distrito Federal,0.32480743247611493,-67.5192567523885
15,state,Distrito Federal,0.23553298378330412,-76.44670162166959
19,state,Distrito Federal,0.3427462765655104,-65.72537234344897
23,state,Distrito Federal,0.34995224178373474,-65.00477582162652
25,state,Distrito Federal,0.4000033170111242,-59.999668298887585
11,state,Distrito Federal,0.692048071117651,-30.7951928882349
17,state,Distrito Federal,0.2760535966720454,-72.39464033279546
21,city,Vitória,0.26137499050815816,-73.86250094918418
25,city,Vitória,0.48357955291359217,-51.642044708640775
19,city,Vitória,0.28429512303591004,-71.57048769640899
23,city,Vitória,0.30752076500245445,-69.24792349975455
11,city,Vitória,0.9104253800900699,-8.95746199099301
15,city,Vitória,0.22745827556807116,-77.25417244319289
22,city,Vitória,0.2726622495120964,-72.73377504879036
20,state,Santa Catarina,0.586035558902582,-41.3964441097418
21,state,Santa Catarina,0.5331709820550213,-46.682901794497866
22,state,Santa Catarina,0.5636543166097134,-43.634568339028654
12,state,Santa Catarina,0.4728145110965125,-52.71854889034875
23,state,Santa Catarina,0.6637789151763646,-33.622108482363544
16,state,Santa Catarina,0.3752270851831334,-62.477291481686656
14,state,Santa Catarina,0.24978037712053172,-75.02196228794683
18,state,Santa Catarina,0.4582898393578976,-54.17101606421024
11,state,Santa Catarina,1.0722069617702426,7.220696177024255
19,state,Santa Catarina,0.5703107716822358,-42.968922831776425
26,state,Santa Catarina,0.5402120191003619,-45.97879808996381
25,state,Santa Catarina,0.8359943654730821,-16.400563452691785
13,state,Santa Catarina,0.17406680073556818,-82.59331992644319
17,state,Santa Catarina,0.3894501837611477,-61.054981623885226
15,state,Santa Catarina,0.32984020799108316,-67.01597920089168
24,state,Santa Catarina,1.2189270848166198,21.892708481661984
19,city,Natal,0.47526423652181804,-52.473576347818195
26,city,Natal,0.3164097770590133,-68.35902229409866
23,city,Natal,0.31046069196936993,-68.953930803063
22,city,Natal,0.3132202828212759,-68.67797171787241
21,state,Sao Paulo,0.4556559590568319,-54.43440409431681
15,state,Sao Paulo,0.39086657311101125,-60.91334268889887
19,state,Sao Paulo,0.4725163841776894,-52.74836158223106
11,state,Sao Paulo,1.0090025652268237,0.9002565226823744
23,state,Sao Paulo,0.5765147086209533,-42.34852913790467
25,state,Sao Paulo,0.6681561600779186,-33.18438399220815
24,state,Sao Paulo,0.823414800314255,-17.658519968574502
20,state,Sao Paulo,0.4304634343493727,-56.95365656506273
22,state,Sao Paulo,0.4831346363655305,-51.686536363446955
14,state,Sao Paulo,0.36379335721280587,-63.62066427871942
18,state,Sao Paulo,0.4086456477884643,-59.135435221153564
19,city,Recife,0.2777449852422904,-72.22550147577095
11,city,Recife,1.1019335007358693,10.193350073586927
15,city,Recife,0.20506319094663772,-79.49368090533623
18,city,Recife,0.23830498448446133,-76.16950155155386
17,city,Recife,0.22335606386887555,-77.66439361311245
22,city,Recife,0.24884972122719962,-75.11502787728004
25,city,Recife,0.801141805054236,-19.885819494576396
13,city,Recife,0.14235952162755036,-85.76404783724496
24,city,Recife,0.7392398781838762,-26.076012181612384
12,city,Recife,0.43984875199672663,-56.01512480032733
26,city,Joinville,0.2856527657589777,-71.43472342410223
14,city,Joinville,0.09762800245721363,-90.23719975427863
18,city,Joinville,0.25838449133201014,-74.16155086679899
22,city,Joinville,0.3593684309097504,-64.06315690902495
25,city,Joinville,0.44574489639587755,-55.42551036041225
21,city,Joinville,0.295983397317074,-70.4016602682926
12,city,Joinville,0.36886332787149334,-63.113667212850665
11,city,Joinville,0.8887801062184203,-11.12198937815797
15,city,Joinville,0.26323376323793446,-73.67662367620656
19,city,Joinville,0.5022593224373754,-49.77406775626246
13,city,Joinville,0.06949599118362408,-93.0504008816376
17,city,Joinville,0.24303094804819467,-75.69690519518053
20,city,Joinville,0.34370269163708594,-65.6297308362914
24,city,Joinville,0.6630499895783772,-33.695001042162275
23,city,Joinville,0.5288487524738824,-47.115124752611756
16,city,Joinville,0.2515732511382139,-74.84267488617861
12,state,Amazonas,0.4576218828537233,-54.23781171462767
26,state,Amazonas,0.5770754948660166,-42.292450513398336
15,state,Amazonas,0.16024193396843361,-83.97580660315664
19,state,Amazonas,0.2901539670002898,-70.98460329997103
11,state,Amazonas,0.9237440133770468,-7.625598662295319
23,state,Amazonas,0.5037021992319711,-49.62978007680289
25,state,Amazonas,0.6275239081783774,-37.24760918216226
18,state,Amazonas,0.19980960346392873,-80.01903965360712
11,city,Teresina,1.033150720487681,3.3150720487681085
19,city,Teresina,0.24919330501800502,-75.0806694981995
15,city,Teresina,0.1732386506079311,-82.67613493920689
13,city,Teresina,0.1403360473739301,-85.966395262607
17,city,Teresina,0.22055112591880735,-77.94488740811927
25,city,Teresina,0.2511505244198503,-74.88494755801497
14,city,Teresina,0.17991237217862868,-82.00876278213714
18,city,Teresina,0.21209331975862902,-78.7906680241371
23,city,Teresina,0.20865772616943112,-79.13422738305688
16,city,Teresina,0.18379539653771124,-81.62046034622887
24,city,Teresina,0.26166607146639265,-73.83339285336073
26,city,Teresina,0.16350095458689035,-83.64990454131096
12,city,Teresina,0.5789822866597921,-42.10177133402079
20,city,Teresina,0.1826178049964698,-81.73821950035303
22,city,Teresina,0.18613309556278787,-81.386690443721207
21,city,Teresina,0.19669277919327044,-80.33072208067296
12,city,Campinas,0.4446184157687677,-55.53815842312323
26,city,Campinas,0.33781416992267066,-66.21858300773293
19,city,Campinas,0.3394686305251201,-66.05313694748799
11,city,Campinas,0.9810340456751271,-1.8965954324872913
22,city,Campinas,0.30750925747419006,-69.249074252581
15,city,Campinas,0.28924809549015057,-71.07519045098493
17,state,Paraiba,0.4017368681189545,-59.82631318810455
22,state,Paraiba,0.5295778554119438,-47.04221445880562
25,state,Paraiba,1.1264710729457204,12.647107294572034
15,state,Paraiba,0.3924712185529307,-60.75287814470693
19,state,Paraiba,0.4681559126172742,-53.18440873827258
18,state,Paraiba,0.43106612438617564,-56.89338756138243
14,state,Paraiba,0.38183107882588185,-61.81689211741181
12,state,Paraiba,0.6152411108255108,-38.47588891744892
21,state,Paraiba,0.5140210278872006,-48.59789721127994
26,state,Paraiba,0.4728811026092759,-52.71188973907242
16,state,Paraiba,0.39291621644071095,-60.70837835592891
24,state,Paraiba,1.1467316684291176,14.673166842911755
11,state,Paraiba,1.0083673450760113,0.8367345076011334
20,state,Paraiba,0.5175178165931482,-48.24821834068518
13,state,Paraiba,0.3535843396772014,-64.64156603227987
23,state,Paraiba,0.4866469445882682,-51.335305541173184
21,state,Para,0.3280272424758947,-67.19727575241052
14,state,Para,0.3163005762371698,-68.36994237628302
18,state,Para,0.3278924684845955,-67.21075315154044
22,state,Para,0.4082485032051535,-59.17514967948465
25,state,Para,0.9125706123068812,-8.74293876931188
17,state,Para,0.32399016838175737,-67.60098316182426
23,state,Para,0.5179966758821636,-48.20033241178364
16,state,Para,0.3590407705458663,-64.09592294541338
15,state,Rondonia,0.505470494702163,-49.4529505297837
12,state,Rondonia,0.6293190066704545,-37.06809933295455
19,state,Rondonia,0.5995266178161072,-40.047338218389285
17,state,Rondonia,0.4304389214084533,-56.95610785915467
16,state,Rondonia,0.44862020294871585,-55.137979705128416
24,state,Rondonia,2.1890448665483606,118.90448665483606
13,state,Rondonia,0.34300895750846916,-65.69910424915308
20,state,Rondonia,0.47139655313418743,-52.86034468658125
23,state,Rondonia,0.45641402985585344,-54.358597014414656
14,state,Rondonia,0.40509586107912005,-59.490413892088
22,state,Rondonia,0.4811222652117258,-51.88777347882743
18,state,Rondonia,0.5339431158485259,-46.605688415147405
26,state,Rondonia,0.5492406778501084,-45.07593221498916
11,state,Rondonia,1.018216887992492,1.8216887992491992
25,state,Rondonia,1.4917630855055584,49.17630855055584
23,city,São Paulo,0.38552199710648144,-61.44780028935186
23,city,Manaus,0.49723893481408427,-50.276106518591575
21,city,Manaus,0.25413205402806616,-74.58679459719339
18,city,Manaus,0.1903231602439622,-80.96768397560378
25,city,Manaus,0.6060847366489948,-39.39152633510052
14,city,Manaus,0.17469121588668188,-82.53087841133181
13,city,Manaus,0.15055195819043135,-84.94480418095687
17,city,Manaus,0.15873089195461634,-84.12691080453837
12,city,Manaus,0.4481705505196065,-55.18294494803935
22,city,Manaus,0.3148169513796086,-68.51830486203913
20,city,Manaus,0.2183675630083456,-78.16324369916543
24,city,Manaus,0.717021920149266,-28.297807985073398
16,city,Manaus,0.13808824438049044,-86.19117556195096
23,state,Rio Grande Do Sul,0.7188100228207104,-28.118997717928963
19,state,Rio Grande Do Sul,0.6522166883902423,-34.778331160975775
15,state,Rio Grande Do Sul,0.4409209789568653,-55.907902104313465
24,state,Rio Grande Do Sul,1.350791104080502,35.079110408050205
26,state,Rio Grande Do Sul,0.6675863545322784,-33.241364546772154
11,state,Rio Grande Do Sul,1.1343031322551764,13.430313225517644
20,city,São Luís,0.16545166818688714,-83.45483318131129
19,city,São Luís,0.21001106877974957,-78.99889312202504
15,city,São Luís,0.21028220504013787,-78.97177949598621
14,state,Tocantins,0.7302636678732103,-26.973633212678973
23,state,Tocantins,0.8230699790450084,-17.693002095499153
11,state,Tocantins,1.1347080148657431,13.470801486574313
14,state,Rio De Janeiro,0.1779268331403254,-82.20731668596746
18,state,Rio De Janeiro,0.20878681817922728,-79.12131818207727
25,state,Rio De Janeiro,0.6202102972327261,-37.97897027672739
12,state,Rio De Janeiro,0.36800970165316144,-63.19902983468386
13,state,Rio De Janeiro,0.1459044163936588,-85.40955836063412
17,state,Rio De Janeiro,0.18375345237950155,-81.62465476204984
19,state,Rio De Janeiro,0.28174281213574626,-71.82571878642537
16,state,Rio De Janeiro,0.19549523523213222,-80.45047647678678
21,state,Rio De Janeiro,0.23953542853187662,-76.04645714681234
20,state,Rio De Janeiro,0.230700223299386,-76.9299776700614
24,state,Rio De Janeiro,0.602774019007009,-39.7225980992991
11,city,Salvador,1.0753347944645035,7.533479446450353
15,city,Salvador,0.20800743154046877,-79.19925684595313
17,city,Salvador,0.21553724172463273,-78.44627582753672
20,city,Salvador,0.3081668914292012,-69.18331085707989
13,city,Salvador,0.10784639291783076,-89.21536070821693
12,city,Salvador,0.42377041280294186,-57.62295871970582
16,city,Salvador,0.16968578174386792,-83.03142182561321
23,city,Salvador,0.40702261474205675,-59.297738525794315
19,city,Salvador,0.3908986365614016,-60.91013634385985
14,city,Salvador,0.14128300650565184,-85.87169934943482
23,city,Brasília,0.24749989022448127,-75.25001097755187
25,city,Brasília,0.2956516489860459,-70.43483510139541
21,city,Brasília,0.20661083892545357,-79.33891610745465
18,city,Brasília,0.15529986046904523,-84.47001395309547
14,city,Brasília,0.1026118220419731,-89.73881779580269
26,city,Brasília,0.23932036849936417,-76.06796315006359
26,state,Maranhao,0.4838486038262279,-51.6151396173772
18,state,Maranhao,0.4463096348439747,-55.36903651560253
22,state,Maranhao,0.4770245510592661,-52.29754489407339
12,state,Maranhao,0.761264285565726,-23.873571443427398
16,state,Maranhao,0.45857158004237025,-54.14284199576298
20,state,Maranhao,0.3699358111701762,-63.00641888298237
24,state,Maranhao,2.150622815717738,115.06228157177381
